isaac,fss,sfdgfs,isaac@gmail.com,12345678
isaac123,isaac,muriuki,sdag@gmail.com,isaac123
isaac1234,isaac,muriuki,dsfgasd@gmail.com,isaac123
iso1,Isaac,Muriuki,isaacmm59@gmail.com,isaac123
Isaac,isaac,Muriuki,isaacmm59@gmail.com,hello123
iso2,Isaacmu, muin,isaacmm59@gmail.com,hello123
dsfds,dxfs,dsfsdf,isaacmm59@gmail.com,hello123
sooooo,dxfs,dsfsdf,isaacmm59@gmail.com,hello123
dfdfs,dfsda,dsfdfs,isaacmm59@gmail.com,hello123
sdafdaf,sdawdfs,dvvcddv,isaacmm59@gmail.com,hello123
isoworld,Isaac,Muriuki,isaacmm59@gmail.com,hello123
